signature,category,variant,language,tone,text
MARS_FAVORABLE,GENERAL,1,HINGLISH,POSITIVE,"Beta, aaj Mars ki kripa se aapke andar ek nayi urja ka sanchaar hoga. Subah uthte hi mann me utsaah bhara hoga aur har kaam me safalta milegi. Office me aapki mehnat ki prashansa hogi aur pariwar me khushi ka mahol rahega. Kisi naye kaam ki shuruaat karne ka accha samay hai. Bas gussa control me rakhein aur dusron ki baat dhyaan se sunein. Aaj kisi zarooratmand ki madad zaroor karein, isse aapko mann ki shanti milegi aur shubh fal bhi milega."
MARS_FAVORABLE,GENERAL,2,HINGLISH,POSITIVE,"Beta, aaj ka din aapke liye bahut shubh hai. Mars ki urja se aapka manobal uchch rahega aur kisi purane rukhe kaam ko aaj poora karne ka accha mauka milega. Log aapki himmat aur saahas ki prashansa karenge. Vyapar me naye sampaak banenge aur ghar me koi shubh samachar mil sakta hai. Thoda satark rahein kyunki jaldbazi se nuksan ho sakta hai. Kisi bade kaam ko chhote hisson me baant kar karein, safalta zaroor milegi."
MARS_FAVORABLE,GENERAL,3,HINGLISH,POSITIVE,"Beta, aaj Mars aapke paksh me hai. Subah se hi aapko ek nayi urja mehsoos hogi jo mushkil kaam bhi aasani se karne me madad karegi. Office me aapka parcha lagega aur senior aapki tareef karenge. Ghar ke maahol me khushi rahegi aur pariwar ke sadasya aapki prashansa karenge. Kisi naye project par vichaar karne ka accha samay hai. Din ki shuruaat bhagwan ke darshan se karein aur kisi bade kaam ko karne se pehle apne guru se salah lein."
MARS_FAVORABLE,LOVE,1,HINGLISH,POSITIVE,"Beta, aaj partner ke saath quality time bitane ka mauka milega. Dil ki baat kehne se pehle soch lein kyunki shabd prabhavi hain."
MARS_FAVORABLE,LOVE,2,HINGLISH,POSITIVE,"Beta, aaj prem me ujjwal din hai. Partner aapki baaton se khush honge aur purana jhagda khatam hoga. Saath me koi naya plan banayein."
MARS_FAVORABLE,LOVE,3,HINGLISH,POSITIVE,"Beta, aaj rishte me nayi jaan aayegi. Partner ke saath samvad accha rahega. Single hain to kisi mitra ke through accha rishta mil sakta hai."
MARS_FAVORABLE,CAREER,1,HINGLISH,POSITIVE,"Beta, office me aaj aapka parcha lagega. Mars ki urja se mushkil kaam bhi aasani se hoga. Boss aapke kaam se khush honge."
MARS_FAVORABLE,CAREER,2,HINGLISH,POSITIVE,"Beta, aaj vyapar me naye avsar milenge. Client meeting me aapka prabhav rahega. Kisi senior se salah zaroor lein."
MARS_FAVORABLE,CAREER,3,HINGLISH,POSITIVE,"Beta, aaj aapki mehnat rang layegi. Aap bade project ki zimmedari le sakte hain. Team me samman badhega."
MARS_FAVORABLE,WELLNESS,1,HINGLISH,POSITIVE,"Beta, aaj mann prasann rahega. Subah ki dhoop me thodi der baithna labhdayak rahega. Dhyaan aur yoga se mann shant rahega."
MARS_FAVORABLE,WELLNESS,2,HINGLISH,POSITIVE,"Beta, aaj aatmavishwas uchch rahega. Kisi mitra se milkar mann halka hoga. Shaam ko thodi walk karein."
MARS_FAVORABLE,WELLNESS,3,HINGLISH,POSITIVE,"Beta, aaj mann aur tan dono me urja rahegi. Meditation se mann shant hoga. Pariwar ke saath samay accha bitega."
MARS_FAVORABLE,HEALTH,1,HINGLISH,POSITIVE,"Beta, aaj sehat acchi rahegi. Subah vyayam karna labhdayak rahega. Khaane me hari sabziyan shamil karein aur pani adhik piyein."
MARS_FAVORABLE,HEALTH,2,HINGLISH,POSITIVE,"Beta, aaj sehat me sudhar rahega. Kisi naye vyayam ko shuru karne ka accha samay hai. Bahar ka tel bhojan se bachein."
MARS_FAVORABLE,HEALTH,3,HINGLISH,POSITIVE,"Beta, aaj body me urja bharpoor rahegi. Subah ki walk se din accha rahega. Raat ko 7 ghante ki neend zaroor lein."
MARS_FAVORABLE,FINANCE,1,HINGLISH,POSITIVE,"Beta, aaj dhan labh ke yog hain. Koi ruka hua paisa wapas aa sakta hai. Naye nivesh par vichaar karein lekin jaldbazi na karein."
MARS_FAVORABLE,FINANCE,2,HINGLISH,POSITIVE,"Beta, aaj aarthik sthiti majboot rahegi. Purane loan ko chukane ka plan bana sakte hain. Bachat ke liye alag khata kholein."
MARS_FAVORABLE,FINANCE,3,HINGLISH,POSITIVE,"Beta, aaj paise ke mamle me shubh din hai. Koi accha avsar milega. Share bazar me soch samajh kar nivesh karein."
MARS_CHALLENGING,GENERAL,1,HINGLISH,CAUTIONARY,"Beta, aaj thoda satark rahein kyunki Mars ki urja tez rahegi. Gussa aur jaldbazi se bachein aur kisi bhi baat ka jawab dene se pehle sochein. Ghar me kisi se matbhed ho sakta hai isliye shaant rahein. Vyapar me naye kaam ko thoda rukein. Din ke ant me thakan ho sakti hai isliye aaram karein. Subah 10 minute dhyaan karein aur din ki shuruaat bhagwan ke naam se karein. Kal se din phir accha rahega, ghabrayein nahi."
MARS_CHALLENGING,GENERAL,2,HINGLISH,CAUTIONARY,"Beta, aaj kuch chhoti badhaayein aa sakti hain. Mars ki urja se aap jaldbazi me koi galat kadam utha sakte hain isliye har kaam do baar check karein. Kisi se vaada karne se pehle soch lein aur safar me dhyan rakhein. Ghar me shaanti banaaye rakhein. Kisi purane vivaad ko aaj na chhedain. Shaam ko thoda samay apne liye nikaalein aur raat ko jaldi sone ki koshish karein. Dhyaan rakhein, sab theek ho jayega."
MARS_CHALLENGING,GENERAL,3,HINGLISH,CAUTIONARY,"Beta, aaj Mars ki urja aapko thoda ashant kar sakti hai. Isliye kisi bhi bade nirnay ko kal par taal dein. Office me kisi colleague se matbhed ho sakta hai isliye chup rehna hi behtar hai. Ghar me pariwar ke sadasya ki baat dhyaan se sunein. Kharchon par niyantran rakhein aur kisi anjaan vyakti par bharosa na karein. Raat ko halka bhojan karein aur samay par sone ki koshish karein. Aaj ka tip: 10 minute shant baith kar saans par dhyaan dein."
MARS_CHALLENGING,LOVE,1,HINGLISH,CAUTIONARY,"Beta, aaj partner ke saath thoda rukein aur soch samajh kar baat karein. Purane jhagde ko aaj na uthayein."
MARS_CHALLENGING,LOVE,2,HINGLISH,CAUTIONARY,"Beta, aaj prem me santulan rakhein. Kisi teesre vyakti ki baat se galatfehmi ho sakti hai. Partner se shaant tone me baat karein."
MARS_CHALLENGING,CAREER,1,HINGLISH,CAUTIONARY,"Beta, office me kisi colleague se matbhed ho sakta hai. Har baat soch samajh kar kahein aur documents ready rakhein."
MARS_CHALLENGING,CAREER,2,HINGLISH,CAUTIONARY,"Beta, aaj office me thoda dhyan rakhein. Koi kaam galat ho sakta hai isliye do baar check karein. Naye kaam ke liye aaj haan na kahein."
MARS_CHALLENGING,WELLNESS,1,HINGLISH,CAUTIONARY,"Beta, aaj mann thoda ashant rah sakta hai. Dhyaan aur pranayam se mann shant karein. Raat ko jaldi sone ki koshish karein."
MARS_CHALLENGING,WELLNESS,2,HINGLISH,CAUTIONARY,"Beta, aaj mann me bechaini ho sakti hai. Kisi mitra se baat karke mann halka karein. Aaj koi bada nirnay na lein."
MARS_CHALLENGING,HEALTH,1,HINGLISH,CAUTIONARY,"Beta, aaj sehat me thoda dhyan dein. Vyayam me jaldbazi na karein aur tez masala kam karein. Pani adhik piyein."
MARS_CHALLENGING,HEALTH,2,HINGLISH,CAUTIONARY,"Beta, aaj body me thakan aur dard ho sakta hai. Halka bhojan karein aur pani ka matra poora karein. Aaram ko mahatva dein."
MARS_CHALLENGING,FINANCE,1,HINGLISH,CAUTIONARY,"Beta, aaj paise ke mamle me satark rahein. Kisi bhi deal par turant haan na kahein aur udhaar dene se bachein."
MARS_CHALLENGING,FINANCE,2,HINGLISH,CAUTIONARY,"Beta, aaj aarthik mamle me thoda rukein. Jaldbazi me paisa kharch ho sakta hai. Apne kharchon ka hisaab likh kar rakhein."
VENUS_FAVORABLE,GENERAL,1,HINGLISH,POSITIVE,"Beta, aaj Venus aapke liye shubh hai. Din me mithaas aur khushi ka mahol rahega aur log aapki taraf aakarshit honge. Kala aur saundarya se juda kaam accha chalega. Kisi naye sampaak se labh hoga aur ghar me shubh samachar mil sakta hai. Aaj apne liye koi acchi cheez khareedein aur kisi ko dil se badhai dein. Pariwar ke saath samay bitane se mann ko shanti milegi. Shaam ko kisi mitra se mulaqat ho sakti hai, jisse purani chinta door hogi."
VENUS_FAVORABLE,GENERAL,2,HINGLISH,POSITIVE,"Beta, Venus ki kripa se aaj aapka mann prasann rahega. Kisi purane mitra se mulaqat hogi aur ghar ka mahol accha rahega. Kala ya sangeet me ruchi badhegi aur kisi shubh kaam ki shuruaat ho sakti hai. Din aapke paksh me rahega isliye kisi acchi khabar se mann khush hoga. Naye kapde ya gehne ki kharidari ho sakti hai. Aaj ghar ko sajane me samay bitayein aur apne partner ke saath quality time bitane ka plan banayein. Sab kuch shubh hoga, dhyaan se kaam lein."
VENUS_FAVORABLE,GENERAL,3,HINGLISH,POSITIVE,"Beta, aaj Venus ki urja se aapka din bahut accha rahega. Subah se hi mann me khushi ka sanchaar hoga aur har kaam me safalta milegi. Office me colleagues ke saath samvad accha rahega aur boss aapki prashansa karenge. Vyapar me naye grahak aayenge aur koi acchi deal ho sakti hai. Ghar me pariwar ke saath samay accha bitega. Aaj kisi ko dil se dhanyavaad dein aur apne shauk ke liye thoda samay nikaalein. Din ke ant me aap santusht mehsoos karenge."
VENUS_FAVORABLE,LOVE,1,HINGLISH,POSITIVE,"Beta, aaj prem ke liye bahut accha din hai. Partner ke saath romaance badhega. Dil ki baat kehne ka accha samay hai."
VENUS_FAVORABLE,LOVE,2,HINGLISH,POSITIVE,"Beta, aaj rishte me mithaas aayegi. Partner aapki baat manenge. Saath me koi naya plan banayein."
VENUS_FAVORABLE,LOVE,3,HINGLISH,POSITIVE,"Beta, aaj prem me shubh din hai. Partner aapke paas aane ki koshish karenge. Kisi purani galti ke liye maafi maang lein."
VENUS_FAVORABLE,CAREER,1,HINGLISH,POSITIVE,"Beta, office me aaj accha din hai. Colleagues ke saath samvad accha rahega aur naye project me sahyog milega."
VENUS_FAVORABLE,CAREER,2,HINGLISH,POSITIVE,"Beta, aaj career me shubh yog hai. Interview ya meeting me safalta milegi. Apne network ko badhayein."
VENUS_FAVORABLE,CAREER,3,HINGLISH,POSITIVE,"Beta, aaj aapka ruka hua kaam poora hoga. Boss aapki salah maange. Team ke saath mil kar plan banayein."
VENUS_FAVORABLE,WELLNESS,1,HINGLISH,POSITIVE,"Beta, aaj mann prasann rahega. Kisi acchi khabar se mann khush hoga. Dhyaan aur sangeet se mann shant rahega."
VENUS_FAVORABLE,WELLNESS,2,HINGLISH,POSITIVE,"Beta, aaj mann me mithaas rahegi. Purani chinta door hogi. Kisi mitra se milkar mann accha hoga."
VENUS_FAVORABLE,WELLNESS,3,HINGLISH,POSITIVE,"Beta, aaj mann aur tan dono accha rahega. Kisi purane rishte me mithaas aayegi. Koi acchi kitaab padhein."
VENUS_FAVORABLE,HEALTH,1,HINGLISH,POSITIVE,"Beta, aaj sehat acchi rahegi. Subah walk karna labhdayak rahega. Khaane me meetha thoda kam karein."
VENUS_FAVORABLE,HEALTH,2,HINGLISH,POSITIVE,"Beta, aaj sehat me sudhar rahega. Khaane me phal aur sabziyan shamil karein. Subah ki dhoop me baithna accha rahega."
VENUS_FAVORABLE,HEALTH,3,HINGLISH,POSITIVE,"Beta, aaj body me urja bharpoor rahegi. Subah yoga karein. Ghee aur meetha santulit matra me lein."
VENUS_FAVORABLE,FINANCE,1,HINGLISH,POSITIVE,"Beta, aaj dhan labh ke yog hain. Koi ruka hua paisa wapas aa sakta hai. Apne budget ki samiksha karein."
VENUS_FAVORABLE,FINANCE,2,HINGLISH,POSITIVE,"Beta, aaj aarthik sthiti majboot rahegi. Purane loan ko chukane ka plan bana sakte hain. Bachat ke liye khata kholein."
VENUS_FAVORABLE,FINANCE,3,HINGLISH,POSITIVE,"Beta, aaj paise ke mamle me shubh din hai. Koi accha avsar milega. Kisi bharosemand se salah lein."
VENUS_CHALLENGING,GENERAL,1,HINGLISH,CAUTIONARY,"Beta, aaj thoda satark rahein kyunki Venus ki urja ashant rahegi. Kisi baat ka galat matlab na nikalein aur ghar me kisi se matbhed ho sakta hai isliye shaant rahein. Vyapar me naye kaam ko thoda rukein aur kharchon par niyantran rakhein. Kisi bhi bade nirnay ko kal par taal dein. Din ki shuruaat dhyaan se karein aur kisi purani baat ko bhool jayein. Shaam ko halki walk karein aur raat ko jaldi sone ki koshish karein. Sab theek ho jayega, ghabrayein nahi."
VENUS_CHALLENGING,GENERAL,2,HINGLISH,CAUTIONARY,"Beta, aaj kuch chhoti badhaayein aa sakti hain. Venus ki urja se aap kisi ke liye galat bhawna rakh sakte hain isliye har baat soch samajh kar kahein. Kisi se vaada karne se pehle soch lein aur ghar me shaanti banaaye rakhein. Office me kisi colleague se matbhed ho sakta hai isliye chup rehna hi behtar hai. Kharchon me santulan rakhein aur kisi anjaan par bharosa na karein. Aaj koi badi kharidari na karein. Raat ko halka bhojan karein aur samay par sone ki koshish karein."
VENUS_CHALLENGING,GENERAL,3,HINGLISH,CAUTIONARY,"Beta, aaj Venus ki urja aapko thoda ashant kar sakti hai. Isliye kisi bhi bade nirnay ko kal par taal dein. Ghar me pariwar ke sadasya ki baat dhyaan se sunein aur kisi purane vivaad ko na chhedain. Office me apne documents ready rakhein kyunki boss kisi purane kaam par sawaal utha sakte hain. Kharchon par niyantran rakhein aur udhaar dene se bachein. Aaj ka tip: 10 minute shant baith kar saans par dhyaan dein aur bhagwan ka naam japein. Kal se din accha rahega."
VENUS_CHALLENGING,LOVE,1,HINGLISH,CAUTIONARY,"Beta, aaj partner ke saath thoda rukein aur soch samajh kar baat karein. Purane jhagde ko aaj na uthayein."
VENUS_CHALLENGING,LOVE,2,HINGLISH,CAUTIONARY,"Beta, aaj prem me santulan rakhein. Kisi teesre vyakti ki baat se galatfehmi ho sakti hai. Partner se shaant tone me baat karein."
VENUS_CHALLENGING,CAREER,1,HINGLISH,CAUTIONARY,"Beta, office me kisi colleague se matbhed ho sakta hai. Har baat soch samajh kar kahein aur documents ready rakhein."
VENUS_CHALLENGING,CAREER,2,HINGLISH,CAUTIONARY,"Beta, aaj office me thoda dhyan rakhein. Koi kaam galat ho sakta hai isliye do baar check karein. Naye kaam ke liye aaj haan na kahein."
VENUS_CHALLENGING,WELLNESS,1,HINGLISH,CAUTIONARY,"Beta, aaj mann thoda ashant rah sakta hai. Dhyaan aur pranayam se mann shant karein. Raat ko jaldi sone ki koshish karein."
VENUS_CHALLENGING,WELLNESS,2,HINGLISH,CAUTIONARY,"Beta, aaj mann me bechaini ho sakti hai. Kisi mitra se baat karke mann halka karein. Aaj koi bada nirnay na lein."
VENUS_CHALLENGING,HEALTH,1,HINGLISH,CAUTIONARY,"Beta, aaj sehat me thoda dhyan dein. Vyayam me jaldbazi na karein aur tez masala kam karein. Pani adhik piyein."
VENUS_CHALLENGING,HEALTH,2,HINGLISH,CAUTIONARY,"Beta, aaj body me thakan aur dard ho sakta hai. Halka bhojan karein aur pani ka matra poora karein. Aaram ko mahatva dein."
VENUS_CHALLENGING,FINANCE,1,HINGLISH,CAUTIONARY,"Beta, aaj paise ke mamle me satark rahein. Kisi bhi deal par turant haan na kahein aur udhaar dene se bachein."
VENUS_CHALLENGING,FINANCE,2,HINGLISH,CAUTIONARY,"Beta, aaj aarthik mamle me thoda rukein. Jaldbazi me paisa kharch ho sakta hai. Apne kharchon ka hisaab likh kar rakhein."
JUPITER_FAVORABLE,GENERAL,1,HINGLISH,POSITIVE,"Beta, aaj Jupiter aapke liye shubh hai. Din me gyaan aur khushi ka mahol rahega aur kisi bade vyakti se mulaqat hogi. Shubh kaam ki shuruaat ho sakti hai aur pariwar me samman badhega. Kisi dharmik sthal par jaane ka yog hai. Aaj kisi zarooratmand ki madad karein, isse aapko punya milega aur mann ko shanti milegi. Office me senior aapki prashansa karenge aur vyapar me naye sampaak banenge. Shaam ko pariwar ke saath samay bitayein aur raat ko bhagwan ka dhyaan karein."
JUPITER_FAVORABLE,GENERAL,2,HINGLISH,POSITIVE,"Beta, Jupiter ki kripa se aaj aapka mann prasann rahega. Kisi purane mitra se mulaqat hogi aur ghar ka mahol accha rahega. Kisi shubh samachar se mann khush hoga aur naye kaam ki shuruaat ho sakti hai. Din aapke paksh me rahega isliye kisi ko aashirvaad zaroor dein. Office me aapki salah maangi jayegi aur team ke saath mil kar koi naya plan banayein. Aaj apne ghar me koi shubh kaam karein aur pariwar ke saath samay bitayein. Sab kuch shubh hoga, dhyaan se kaam lein."
JUPITER_FAVORABLE,GENERAL,3,HINGLISH,POSITIVE,"Beta, aaj Jupiter ki urja se aapka din bahut accha rahega. Subah se hi mann me utsaah bhara hoga aur har kaam me safalta milegi. Office me aapka parcha lagega aur boss aapki prashansa karenge. Vyapar me naye grahak aayenge aur koi acchi deal ho sakti hai. Ghar me pariwar ke saath samay accha bitega aur kisi purane vivad ka ant hoga. Aaj kisi garib ki madad karein aur apne guru ka aashirvaad lein. Din ke ant me aap santusht mehsoos karenge aur mann ko shanti milegi."
JUPITER_FAVORABLE,LOVE,1,HINGLISH,POSITIVE,"Beta, aaj prem ke liye bahut accha din hai. Partner ke saath samvad accha rahega. Dil ki baat kehne ka accha samay hai."
JUPITER_FAVORABLE,LOVE,2,HINGLISH,POSITIVE,"Beta, aaj rishte me mithaas aayegi. Partner aapki baat manenge. Saath me koi naya plan banayein."
JUPITER_FAVORABLE,LOVE,3,HINGLISH,POSITIVE,"Beta, aaj prem me shubh din hai. Partner aapke paas aane ki koshish karenge. Kisi purani galti ke liye maafi maang lein."
JUPITER_FAVORABLE,CAREER,1,HINGLISH,POSITIVE,"Beta, office me aaj accha din hai. Colleagues ke saath samvad accha rahega aur naye project me sahyog milega."
JUPITER_FAVORABLE,CAREER,2,HINGLISH,POSITIVE,"Beta, aaj career me shubh yog hai. Interview ya meeting me safalta milegi. Apne network ko badhayein."
JUPITER_FAVORABLE,CAREER,3,HINGLISH,POSITIVE,"Beta, aaj aapka ruka hua kaam poora hoga. Boss aapki salah maange. Team ke saath mil kar plan banayein."
JUPITER_FAVORABLE,WELLNESS,1,HINGLISH,POSITIVE,"Beta, aaj mann prasann rahega. Kisi acchi khabar se mann khush hoga. Dhyaan aur sangeet se mann shant rahega."
JUPITER_FAVORABLE,WELLNESS,2,HINGLISH,POSITIVE,"Beta, aaj mann me mithaas rahegi. Purani chinta door hogi. Kisi mitra se milkar mann accha hoga."
JUPITER_FAVORABLE,WELLNESS,3,HINGLISH,POSITIVE,"Beta, aaj mann aur tan dono accha rahega. Kisi purane rishte me mithaas aayegi. Koi acchi kitaab padhein."
JUPITER_FAVORABLE,HEALTH,1,HINGLISH,POSITIVE,"Beta, aaj sehat acchi rahegi. Subah walk karna labhdayak rahega. Khaane me meetha thoda kam karein."
JUPITER_FAVORABLE,HEALTH,2,HINGLISH,POSITIVE,"Beta, aaj sehat me sudhar rahega. Khaane me phal aur sabziyan shamil karein. Subah ki dhoop me baithna accha rahega."
JUPITER_FAVORABLE,HEALTH,3,HINGLISH,POSITIVE,"Beta, aaj body me urja bharpoor rahegi. Subah yoga karein. Ghee aur meetha santulit matra me lein."
JUPITER_FAVORABLE,FINANCE,1,HINGLISH,POSITIVE,"Beta, aaj dhan labh ke yog hain. Koi ruka hua paisa wapas aa sakta hai. Apne budget ki samiksha karein."
JUPITER_FAVORABLE,FINANCE,2,HINGLISH,POSITIVE,"Beta, aaj aarthik sthiti majboot rahegi. Purane loan ko chukane ka plan bana sakte hain. Bachat ke liye khata kholein."
JUPITER_FAVORABLE,FINANCE,3,HINGLISH,POSITIVE,"Beta, aaj paise ke mamle me shubh din hai. Koi accha avsar milega. Kisi bharosemand se salah lein."
JUPITER_CHALLENGING,GENERAL,1,HINGLISH,CAUTIONARY,"Beta, aaj thoda satark rahein kyunki Jupiter ki urja ashant rahegi. Kisi baat ka galat matlab na nikalein aur ghar me kisi se matbhed ho sakta hai isliye shaant rahein. Vyapar me naye kaam ko thoda rukein aur kharchon par niyantran rakhein. Kisi bhi bade nirnay ko kal par taal dein. Din ki shuruaat dhyaan se karein aur kisi purani baat ko bhool jayein. Shaam ko halki walk karein aur raat ko jaldi sone ki koshish karein. Sab theek ho jayega, ghabrayein nahi."
JUPITER_CHALLENGING,GENERAL,2,HINGLISH,CAUTIONARY,"Beta, aaj kuch chhoti badhaayein aa sakti hain. Jupiter ki urja se aap kisi ke liye galat bhawna rakh sakte hain isliye har baat soch samajh kar kahein. Kisi se vaada karne se pehle soch lein aur ghar me shaanti banaaye rakhein. Office me kisi colleague se matbhed ho sakta hai isliye chup rehna hi behtar hai. Kharchon me santulan rakhein aur kisi anjaan par bharosa na karein. Aaj koi badi kharidari na karein. Raat ko halka bhojan karein aur samay par sone ki koshish karein."
JUPITER_CHALLENGING,GENERAL,3,HINGLISH,CAUTIONARY,"Beta, aaj Jupiter ki urja aapko thoda ashant kar sakti hai. Isliye kisi bhi bade nirnay ko kal par taal dein. Ghar me pariwar ke sadasya ki baat dhyaan se sunein aur kisi purane vivaad ko na chhedain. Office me apne documents ready rakhein kyunki boss kisi purane kaam par sawaal utha sakte hain. Kharchon par niyantran rakhein aur udhaar dene se bachein. Aaj ka tip: 10 minute shant baith kar saans par dhyaan dein aur bhagwan ka naam japein. Kal se din accha rahega."
JUPITER_CHALLENGING,LOVE,1,HINGLISH,CAUTIONARY,"Beta, aaj partner ke saath thoda rukein aur soch samajh kar baat karein. Purane jhagde ko aaj na uthayein."
JUPITER_CHALLENGING,LOVE,2,HINGLISH,CAUTIONARY,"Beta, aaj prem me santulan rakhein. Kisi teesre vyakti ki baat se galatfehmi ho sakti hai. Partner se shaant tone me baat karein."
JUPITER_CHALLENGING,CAREER,1,HINGLISH,CAUTIONARY,"Beta, office me kisi colleague se matbhed ho sakta hai. Har baat soch samajh kar kahein aur documents ready rakhein."
JUPITER_CHALLENGING,CAREER,2,HINGLISH,CAUTIONARY,"Beta, aaj office me thoda dhyan rakhein. Koi kaam galat ho sakta hai isliye do baar check karein. Naye kaam ke liye aaj haan na kahein."
JUPITER_CHALLENGING,WELLNESS,1,HINGLISH,CAUTIONARY,"Beta, aaj mann thoda ashant rah sakta hai. Dhyaan aur pranayam se mann shant karein. Raat ko jaldi sone ki koshish karein."
JUPITER_CHALLENGING,WELLNESS,2,HINGLISH,CAUTIONARY,"Beta, aaj mann me bechaini ho sakti hai. Kisi mitra se baat karke mann halka karein. Aaj koi bada nirnay na lein."
JUPITER_CHALLENGING,HEALTH,1,HINGLISH,CAUTIONARY,"Beta, aaj sehat me thoda dhyan dein. Vyayam me jaldbazi na karein aur tez masala kam karein. Pani adhik piyein."
JUPITER_CHALLENGING,HEALTH,2,HINGLISH,CAUTIONARY,"Beta, aaj body me thakan aur dard ho sakta hai. Halka bhojan karein aur pani ka matra poora karein. Aaram ko mahatva dein."
JUPITER_CHALLENGING,FINANCE,1,HINGLISH,CAUTIONARY,"Beta, aaj paise ke mamle me satark rahein. Kisi bhi deal par turant haan na kahein aur udhaar dene se bachein."
JUPITER_CHALLENGING,FINANCE,2,HINGLISH,CAUTIONARY,"Beta, aaj aarthik mamle me thoda rukein. Jaldbazi me paisa kharch ho sakta hai. Apne kharchon ka hisaab likh kar rakhein."
SATURN_FAVORABLE,GENERAL,1,HINGLISH,POSITIVE,"Beta, aaj Saturn aapke liye shubh hai. Din me anushasan aur sthirta ka mahol rahega aur mehnat ka phal zaroor milega. Kisi purane kaam me safalta milegi aur log aapki baat manenge. Ghar me shaanti rahegi aur pariwar me koi shubh samachar mil sakta hai. Vyapar me naye sampaak banenge. Aaj apne samay ka sahi upyog karein aur kisi bade kaam ko chhote hisson me baant kar karein. Shaam ko pariwar ke saath samay bitayein aur raat ko bhagwan ka dhyaan karein. Sab kuch shubh hoga."
SATURN_FAVORABLE,GENERAL,2,HINGLISH,POSITIVE,"Beta, Saturn ki kripa se aaj aapka mann sthir rahega. Kisi purane rukhe kaam ko aaj poora karne ka accha samay hai aur log aapki prashansa karenge. Pariwar me koi shubh samachar mil sakta hai aur vyapar me naye sampaak banenge. Office me senior aapki mehnat ki tareef karenge. Aaj kisi bade kaam ko do hisson me baant kar karein aur apne junior ki madad karein. Din ke ant me apne kaam ki samiksha karein aur raat ko jaldi sone ki koshish karein. Mehnat ka phal zaroor milega."
SATURN_FAVORABLE,GENERAL,3,HINGLISH,POSITIVE,"Beta, aaj ka din aapke liye bahut hi shubh hai. Saturn ki kripa se sthirta rahegi aur har kaam me safalta milegi. Subah se hi aapko ek nayi urja mehsoos hogi aur mushkil kaam bhi aasani se honge. Kisi naye project par vichaar karne ka accha samay hai aur ghar ke maahol me khushi rahegi. Pariwar ke sadasya aapki prashansa karenge. Din ki shuruaat bhagwan ke darshan se karein aur apne kaam ka record likh kar rakhein. Shaam ko thodi walk karein aur raat ko samay par sone ki koshish karein."
SATURN_FAVORABLE,LOVE,1,HINGLISH,POSITIVE,"Beta, aaj partner ke saath quality time bitane ka mauka milega. Rishta aur majboot hoga. Partner ki baat dhyaan se sunein."
SATURN_FAVORABLE,LOVE,2,HINGLISH,POSITIVE,"Beta, aaj prem me sthirta ka din hai. Partner aapki baaton se prabhavit honge. Saath me koi naya plan banayein."
SATURN_FAVORABLE,LOVE,3,HINGLISH,POSITIVE,"Beta, aaj rishte me nayi jaan aayegi. Partner ke saath samvad accha rahega. Kisi purani galti ke liye maafi maang lein."
SATURN_FAVORABLE,CAREER,1,HINGLISH,POSITIVE,"Beta, office me aaj aapka parcha lagega. Mushkil kaam bhi aasani se hoga. Boss aapke kaam se khush honge."
SATURN_FAVORABLE,CAREER,2,HINGLISH,POSITIVE,"Beta, aaj vyapar me naye avsar milenge. Client meeting me aapka prabhav rahega. Kisi senior se salah zaroor lein."
SATURN_FAVORABLE,CAREER,3,HINGLISH,POSITIVE,"Beta, aaj aapki mehnat rang layegi. Aap bade project ki zimmedari le sakte hain. Team me samman badhega."
SATURN_FAVORABLE,WELLNESS,1,HINGLISH,POSITIVE,"Beta, aaj mann prasann rahega. Subah ki dhoop me thodi der baithna labhdayak rahega. Dhyaan aur yoga se mann shant rahega."
SATURN_FAVORABLE,WELLNESS,2,HINGLISH,POSITIVE,"Beta, aaj aatmavishwas uchch rahega. Kisi mitra se milkar mann halka hoga. Shaam ko thodi walk karein."
SATURN_FAVORABLE,WELLNESS,3,HINGLISH,POSITIVE,"Beta, aaj mann aur tan dono me sthirta rahegi. Meditation se mann shant hoga. Pariwar ke saath samay accha bitega."
SATURN_FAVORABLE,HEALTH,1,HINGLISH,POSITIVE,"Beta, aaj sehat acchi rahegi. Subah vyayam karna labhdayak rahega. Khaane me hari sabziyan shamil karein aur pani adhik piyein."
SATURN_FAVORABLE,HEALTH,2,HINGLISH,POSITIVE,"Beta, aaj sehat me sudhar rahega. Kisi naye vyayam ko shuru karne ka accha samay hai. Bahar ka tel bhojan se bachein."
SATURN_FAVORABLE,HEALTH,3,HINGLISH,POSITIVE,"Beta, aaj body me urja bharpoor rahegi. Subah ki walk se din accha rahega. Raat ko 7 ghante ki neend zaroor lein."
SATURN_FAVORABLE,FINANCE,1,HINGLISH,POSITIVE,"Beta, aaj dhan labh ke yog hain. Koi ruka hua paisa wapas aa sakta hai. Naye nivesh par vichaar karein lekin jaldbazi na karein."
SATURN_FAVORABLE,FINANCE,2,HINGLISH,POSITIVE,"Beta, aaj aarthik sthiti majboot rahegi. Purane loan ko chukane ka plan bana sakte hain. Bachat ke liye alag khata kholein."
SATURN_FAVORABLE,FINANCE,3,HINGLISH,POSITIVE,"Beta, aaj paise ke mamle me shubh din hai. Koi accha avsar milega. Share bazar me soch samajh kar nivesh karein."
SATURN_CHALLENGING,GENERAL,1,HINGLISH,CAUTIONARY,"Beta, aaj thoda satark rahein kyunki Saturn ki urja dheemi rahegi. Kaam me deri ho sakti hai isliye samay se pehle nikal jaayein aur kisi bhi baat ka jawab dene se pehle sochein. Ghar me kisi se matbhed ho sakta hai isliye shaant rahein. Aaj koi bada nirnay na lein. Din ki shuruaat dhyaan se karein aur safar me dhyan rakhein. Shaam ko halki walk karein aur raat ko jaldi sone ki koshish karein. Dhyaan rakhein, kal se din phir accha rahega."
SATURN_CHALLENGING,GENERAL,2,HINGLISH,CAUTIONARY,"Beta, aaj kuch rukaavatein aa sakti hain. Saturn ki urja se aap jaldbazi me koi galat kadam utha sakte hain isliye har kaam do baar check karein. Kisi se vaada karne se pehle soch lein aur safar me dhyan rakhein. Ghar me shaanti banaaye rakhein aur kisi purane vivaad ko na chhedain. Office me apne documents ready rakhein kyunki boss kisi purane kaam par sawaal utha sakte hain. Kharchon par niyantran rakhein aur udhaar dene se bachein. Raat ko halka bhojan karein aur samay par sone ki koshish karein."
SATURN_CHALLENGING,GENERAL,3,HINGLISH,CAUTIONARY,"Beta, aaj Saturn ki urja aapko thoda ashant kar sakti hai. Isliye kisi bhi bade nirnay ko kal par taal dein. Ghar me pariwar ke sadasya ki baat dhyaan se sunein aur kisi purane vivaad ko na chhedain. Office me kisi colleague se matbhed ho sakta hai isliye chup rehna hi behtar hai. Kharchon par niyantran rakhein aur kisi anjaan vyakti par bharosa na karein. Aaj ka tip: 10 minute shant baith kar saans par dhyaan dein aur bhagwan ka naam japein. Kal se din accha rahega, ghabrayein nahi."
SATURN_CHALLENGING,LOVE,1,HINGLISH,CAUTIONARY,"Beta, aaj partner ke saath thoda rukein aur soch samajh kar baat karein. Purane jhagde ko aaj na uthayein."
SATURN_CHALLENGING,LOVE,2,HINGLISH,CAUTIONARY,"Beta, aaj prem me santulan rakhein. Kisi teesre vyakti ki baat se galatfehmi ho sakti hai. Partner se shaant tone me baat karein."
SATURN_CHALLENGING,CAREER,1,HINGLISH,CAUTIONARY,"Beta, office me kisi colleague se matbhed ho sakta hai. Har baat soch samajh kar kahein aur documents ready rakhein."
SATURN_CHALLENGING,CAREER,2,HINGLISH,CAUTIONARY,"Beta, aaj office me thoda dhyan rakhein. Koi kaam galat ho sakta hai isliye do baar check karein. Naye kaam ke liye aaj haan na kahein."
SATURN_CHALLENGING,WELLNESS,1,HINGLISH,CAUTIONARY,"Beta, aaj mann thoda ashant rah sakta hai. Dhyaan aur pranayam se mann shant karein. Raat ko jaldi sone ki koshish karein."
SATURN_CHALLENGING,WELLNESS,2,HINGLISH,CAUTIONARY,"Beta, aaj mann me bechaini ho sakti hai. Kisi mitra se baat karke mann halka karein. Aaj koi bada nirnay na lein."
SATURN_CHALLENGING,HEALTH,1,HINGLISH,CAUTIONARY,"Beta, aaj sehat me thoda dhyan dein. Jodon me dard ho sakta hai. Vyayam me jaldbazi na karein aur pani adhik piyein."
SATURN_CHALLENGING,HEALTH,2,HINGLISH,CAUTIONARY,"Beta, aaj body me thakan aur dard ho sakta hai. Halka bhojan karein aur pani ka matra poora karein. Aaram ko mahatva dein."
SATURN_CHALLENGING,FINANCE,1,HINGLISH,CAUTIONARY,"Beta, aaj paise ke mamle me satark rahein. Kisi bhi deal par turant haan na kahein aur udhaar dene se bachein."
SATURN_CHALLENGING,FINANCE,2,HINGLISH,CAUTIONARY,"Beta, aaj aarthik mamle me thoda rukein. Jaldbazi me paisa kharch ho sakta hai. Apne kharchon ka hisaab likh kar rakhein."
MOON_FAVORABLE,GENERAL,1,HINGLISH,POSITIVE,"Beta, aaj Moon aapke liye shubh hai. Din me mann prasann aur shant rahega aur log aapki taraf aakarshit honge. Kisi naye sampaak se labh hoga aur ghar me shubh samachar mil sakta hai. Kisi purane mitra se mulaqat hogi. Aaj apne liye koi acchi cheez khareedein aur kisi ko dil se badhai dein. Pariwar ke saath samay bitane se mann ko shanti milegi. Shaam ko thodi walk karein aur raat ko acchi kitaab padhein. Sab kuch shubh hoga, dhyaan se kaam lein."
MOON_FAVORABLE,GENERAL,2,HINGLISH,POSITIVE,"Beta, Moon ki kripa se aaj aapka mann prasann rahega. Kisi purane mitra se mulaqat hogi aur ghar ka mahol accha rahega. Kala ya sangeet me ruchi badhegi aur kisi shubh kaam ki shuruaat ho sakti hai. Din aapke paksh me rahega isliye kisi acchi khabar se mann khush hoga. Naye kapde ya gehne ki kharidari ho sakti hai. Aaj ghar ko sajane me samay bitayein aur apne shauk ke liye thoda samay nikaalein. Shaam ko kisi mitra se milkar mann halka hoga aur raat ko jaldi sone ki koshish karein."
MOON_FAVORABLE,GENERAL,3,HINGLISH,POSITIVE,"Beta, aaj Moon ki urja se aapka din bahut accha rahega. Subah se hi mann me khushi ka sanchaar hoga aur har kaam me safalta milegi. Office me colleagues ke saath samvad accha rahega aur boss aapki prashansa karenge. Vyapar me naye grahak aayenge aur koi acchi deal ho sakti hai. Ghar me pariwar ke saath samay accha bitega. Aaj kisi ko dil se dhanyavaad dein aur apne liye thoda samay nikaalein. Din ke ant me aap santusht mehsoos karenge aur mann ko shanti milegi."
MOON_FAVORABLE,LOVE,1,HINGLISH,POSITIVE,"Beta, aaj prem ke liye bahut accha din hai. Partner ke saath romaance badhega. Dil ki baat kehne ka accha samay hai."
MOON_FAVORABLE,LOVE,2,HINGLISH,POSITIVE,"Beta, aaj rishte me mithaas aayegi. Partner aapki baat manenge. Saath me koi naya plan banayein."
MOON_FAVORABLE,LOVE,3,HINGLISH,POSITIVE,"Beta, aaj prem me shubh din hai. Partner aapke paas aane ki koshish karenge. Kisi purani galti ke liye maafi maang lein."
MOON_FAVORABLE,CAREER,1,HINGLISH,POSITIVE,"Beta, office me aaj accha din hai. Colleagues ke saath samvad accha rahega aur naye project me sahyog milega."
MOON_FAVORABLE,CAREER,2,HINGLISH,POSITIVE,"Beta, aaj career me shubh yog hai. Interview ya meeting me safalta milegi. Apne network ko badhayein."
MOON_FAVORABLE,CAREER,3,HINGLISH,POSITIVE,"Beta, aaj aapka ruka hua kaam poora hoga. Boss aapki salah maange. Team ke saath mil kar plan banayein."
MOON_FAVORABLE,WELLNESS,1,HINGLISH,POSITIVE,"Beta, aaj mann prasann rahega. Kisi acchi khabar se mann khush hoga. Dhyaan aur sangeet se mann shant rahega."
MOON_FAVORABLE,WELLNESS,2,HINGLISH,POSITIVE,"Beta, aaj mann me mithaas rahegi. Purani chinta door hogi. Kisi mitra se milkar mann accha hoga."
MOON_FAVORABLE,WELLNESS,3,HINGLISH,POSITIVE,"Beta, aaj mann aur tan dono accha rahega. Kisi purane rishte me mithaas aayegi. Koi acchi kitaab padhein."
MOON_FAVORABLE,HEALTH,1,HINGLISH,POSITIVE,"Beta, aaj sehat acchi rahegi. Subah walk karna labhdayak rahega. Khaane me meetha thoda kam karein."
MOON_FAVORABLE,HEALTH,2,HINGLISH,POSITIVE,"Beta, aaj sehat me sudhar rahega. Khaane me phal aur sabziyan shamil karein. Subah ki dhoop me baithna accha rahega."
MOON_FAVORABLE,HEALTH,3,HINGLISH,POSITIVE,"Beta, aaj body me urja bharpoor rahegi. Subah yoga karein. Ghee aur meetha santulit matra me lein."
MOON_FAVORABLE,FINANCE,1,HINGLISH,POSITIVE,"Beta, aaj dhan labh ke yog hain. Koi ruka hua paisa wapas aa sakta hai. Apne budget ki samiksha karein."
MOON_FAVORABLE,FINANCE,2,HINGLISH,POSITIVE,"Beta, aaj aarthik sthiti majboot rahegi. Purane loan ko chukane ka plan bana sakte hain. Bachat ke liye khata kholein."
MOON_FAVORABLE,FINANCE,3,HINGLISH,POSITIVE,"Beta, aaj paise ke mamle me shubh din hai. Koi accha avsar milega. Kisi bharosemand se salah lein."
MOON_CHALLENGING,GENERAL,1,HINGLISH,CAUTIONARY,"Beta, aaj thoda satark rahein kyunki Moon ki urja ashant rahegi. Mann me chanchalta rahegi isliye shaant rahein aur kisi baat ka galat matlab na nikalein. Ghar me kisi se matbhed ho sakta hai isliye chup rehna hi behtar hai. Vyapar me naye kaam ko thoda rukein aur kharchon par niyantran rakhein. Aaj koi bada nirnay na lein. Din ki shuruaat dhyaan se karein aur kisi purani baat ko bhool jayein. Shaam ko halki walk karein aur raat ko jaldi sone ki koshish karein. Sab theek ho jayega."
MOON_CHALLENGING,GENERAL,2,HINGLISH,CAUTIONARY,"Beta, aaj kuch chhoti badhaayein aa sakti hain. Moon ki urja se aap kisi ke liye galat bhawna rakh sakte hain isliye har baat soch samajh kar kahein. Kisi se vaada karne se pehle soch lein aur ghar me shaanti banaaye rakhein. Office me kisi colleague se matbhed ho sakta hai isliye chup rehna hi behtar hai. Kharchon me santulan rakhein aur kisi anjaan par bharosa na karein. Aaj koi badi kharidari na karein. Raat ko halka bhojan karein aur samay par sone ki koshish karein."
MOON_CHALLENGING,GENERAL,3,HINGLISH,CAUTIONARY,"Beta, aaj Moon ki urja aapko thoda ashant kar sakti hai. Isliye kisi bhi bade nirnay ko kal par taal dein. Ghar me pariwar ke sadasya ki baat dhyaan se sunein aur kisi purane vivaad ko na chhedain. Office me apne documents ready rakhein kyunki boss kisi purane kaam par sawaal utha sakte hain. Kharchon par niyantran rakhein aur udhaar dene se bachein. Aaj ka tip: 10 minute shant baith kar saans par dhyaan dein aur bhagwan ka naam japein. Kal se din accha rahega."
MOON_CHALLENGING,LOVE,1,HINGLISH,CAUTIONARY,"Beta, aaj partner ke saath thoda rukein aur soch samajh kar baat karein. Purane jhagde ko aaj na uthayein."
MOON_CHALLENGING,LOVE,2,HINGLISH,CAUTIONARY,"Beta, aaj prem me santulan rakhein. Kisi teesre vyakti ki baat se galatfehmi ho sakti hai. Partner se shaant tone me baat karein."
MOON_CHALLENGING,CAREER,1,HINGLISH,CAUTIONARY,"Beta, office me kisi colleague se matbhed ho sakta hai. Har baat soch samajh kar kahein aur documents ready rakhein."
MOON_CHALLENGING,CAREER,2,HINGLISH,CAUTIONARY,"Beta, aaj office me thoda dhyan rakhein. Koi kaam galat ho sakta hai isliye do baar check karein. Naye kaam ke liye aaj haan na kahein."
MOON_CHALLENGING,WELLNESS,1,HINGLISH,CAUTIONARY,"Beta, aaj mann thoda ashant rah sakta hai. Dhyaan aur pranayam se mann shant karein. Raat ko jaldi sone ki koshish karein."
MOON_CHALLENGING,WELLNESS,2,HINGLISH,CAUTIONARY,"Beta, aaj mann me bechaini ho sakti hai. Kisi mitra se baat karke mann halka karein. Aaj koi bada nirnay na lein."
MOON_CHALLENGING,HEALTH,1,HINGLISH,CAUTIONARY,"Beta, aaj sehat me thoda dhyan dein. Pet ki gadbad ho sakti hai. Vyayam me jaldbazi na karein aur pani adhik piyein."
MOON_CHALLENGING,HEALTH,2,HINGLISH,CAUTIONARY,"Beta, aaj body me thakan aur dard ho sakta hai. Halka bhojan karein aur pani ka matra poora karein. Aaram ko mahatva dein."
MOON_CHALLENGING,FINANCE,1,HINGLISH,CAUTIONARY,"Beta, aaj paise ke mamle me satark rahein. Kisi bhi deal par turant haan na kahein aur udhaar dene se bachein."
MOON_CHALLENGING,FINANCE,2,HINGLISH,CAUTIONARY,"Beta, aaj aarthik mamle me thoda rukein. Jaldbazi me paisa kharch ho sakta hai. Apne kharchon ka hisaab likh kar rakhein."
SUN_FAVORABLE,GENERAL,1,HINGLISH,POSITIVE,"Beta, aaj Sun aapke liye shubh hai. Din me aatmavishwas aur netritva ka mahol rahega aur log aapki baat manenge. Kisi bade vyakti se mulaqat hogi aur shubh kaam ki shuruaat ho sakti hai. Pariwar me samman badhega. Aaj kisi zarooratmand ki madad karein, isse aapko punya milega aur mann ko shanti milegi. Office me senior aapki prashansa karenge aur vyapar me naye sampaak banenge. Shaam ko pariwar ke saath samay bitayein aur raat ko bhagwan ka dhyaan karein. Sab kuch shubh hoga."
SUN_FAVORABLE,GENERAL,2,HINGLISH,POSITIVE,"Beta, Sun ki kripa se aaj aapka mann prasann rahega. Kisi purane mitra se mulaqat hogi aur ghar ka mahol accha rahega. Kisi shubh samachar se mann khush hoga aur naye kaam ki shuruaat ho sakti hai. Din aapke paksh me rahega isliye kisi ko aashirvaad zaroor dein. Office me aapki salah maangi jayegi aur team ke saath mil kar koi naya plan banayein. Aaj apne ghar me koi shubh kaam karein aur pariwar ke saath samay bitayein. Shaam ko thodi walk karein aur raat ko jaldi sone ki koshish karein."
SUN_FAVORABLE,GENERAL,3,HINGLISH,POSITIVE,"Beta, aaj Sun ki urja se aapka din bahut accha rahega. Subah se hi mann me utsaah bhara hoga aur har kaam me safalta milegi. Office me aapka parcha lagega aur boss aapki prashansa karenge. Vyapar me naye grahak aayenge aur koi acchi deal ho sakti hai. Ghar me pariwar ke saath samay accha bitega aur kisi purane vivad ka ant hoga. Aaj kisi garib ki madad karein aur apne guru ka aashirvaad lein. Din ke ant me aap santusht mehsoos karenge aur mann ko shanti milegi."
SUN_FAVORABLE,LOVE,1,HINGLISH,POSITIVE,"Beta, aaj prem ke liye bahut accha din hai. Partner ke saath samvad accha rahega. Dil ki baat kehne ka accha samay hai."
SUN_FAVORABLE,LOVE,2,HINGLISH,POSITIVE,"Beta, aaj rishte me mithaas aayegi. Partner aapki baat manenge. Saath me koi naya plan banayein."
SUN_FAVORABLE,LOVE,3,HINGLISH,POSITIVE,"Beta, aaj prem me shubh din hai. Partner aapke paas aane ki koshish karenge. Kisi purani galti ke liye maafi maang lein."
SUN_FAVORABLE,CAREER,1,HINGLISH,POSITIVE,"Beta, office me aaj accha din hai. Colleagues ke saath samvad accha rahega aur naye project me sahyog milega."
SUN_FAVORABLE,CAREER,2,HINGLISH,POSITIVE,"Beta, aaj career me shubh yog hai. Interview ya meeting me safalta milegi. Apne network ko badhayein."
SUN_FAVORABLE,CAREER,3,HINGLISH,POSITIVE,"Beta, aaj aapka ruka hua kaam poora hoga. Boss aapki salah maange. Team ke saath mil kar plan banayein."
SUN_FAVORABLE,WELLNESS,1,HINGLISH,POSITIVE,"Beta, aaj mann prasann rahega. Kisi acchi khabar se mann khush hoga. Dhyaan aur sangeet se mann shant rahega."
SUN_FAVORABLE,WELLNESS,2,HINGLISH,POSITIVE,"Beta, aaj mann me mithaas rahegi. Purani chinta door hogi. Kisi mitra se milkar mann accha hoga."
SUN_FAVORABLE,WELLNESS,3,HINGLISH,POSITIVE,"Beta, aaj mann aur tan dono accha rahega. Kisi purane rishte me mithaas aayegi. Koi acchi kitaab padhein."
SUN_FAVORABLE,HEALTH,1,HINGLISH,POSITIVE,"Beta, aaj sehat acchi rahegi. Subah walk karna labhdayak rahega. Khaane me meetha thoda kam karein."
SUN_FAVORABLE,HEALTH,2,HINGLISH,POSITIVE,"Beta, aaj sehat me sudhar rahega. Khaane me phal aur sabziyan shamil karein. Subah ki dhoop me baithna accha rahega."
SUN_FAVORABLE,HEALTH,3,HINGLISH,POSITIVE,"Beta, aaj body me urja bharpoor rahegi. Subah yoga karein. Ghee aur meetha santulit matra me lein."
SUN_FAVORABLE,FINANCE,1,HINGLISH,POSITIVE,"Beta, aaj dhan labh ke yog hain. Koi ruka hua paisa wapas aa sakta hai. Apne budget ki samiksha karein."
SUN_FAVORABLE,FINANCE,2,HINGLISH,POSITIVE,"Beta, aaj aarthik sthiti majboot rahegi. Purane loan ko chukane ka plan bana sakte hain. Bachat ke liye khata kholein."
SUN_FAVORABLE,FINANCE,3,HINGLISH,POSITIVE,"Beta, aaj paise ke mamle me shubh din hai. Koi accha avsar milega. Kisi bharosemand se salah lein."
SUN_CHALLENGING,GENERAL,1,HINGLISH,CAUTIONARY,"Beta, aaj thoda satark rahein kyunki Sun ki urja tez rahegi. Gussa aur ahankar se bachein aur kisi bhi baat ka jawab dene se pehle sochein. Ghar me kisi se matbhed ho sakta hai isliye shaant rahein. Aaj koi bada nirnay na lein. Din ki shuruaat dhyaan se karein aur safar me dhyan rakhein. Shaam ko halki walk karein aur raat ko jaldi sone ki koshish karein. Dhyaan rakhein, kal se din phir accha rahega, ghabrayein nahi."
SUN_CHALLENGING,GENERAL,2,HINGLISH,CAUTIONARY,"Beta, aaj kuch chhoti badhaayein aa sakti hain. Sun ki urja se aap jaldbazi me koi galat kadam utha sakte hain isliye har kaam do baar check karein. Kisi se vaada karne se pehle soch lein aur safar me dhyan rakhein. Ghar me shaanti banaaye rakhein aur kisi purane vivaad ko na chhedain. Office me apne documents ready rakhein kyunki boss kisi purane kaam par sawaal utha sakte hain. Kharchon par niyantran rakhein aur udhaar dene se bachein. Raat ko halka bhojan karein aur samay par sone ki koshish karein."
SUN_CHALLENGING,GENERAL,3,HINGLISH,CAUTIONARY,"Beta, aaj Sun ki urja aapko thoda ashant kar sakti hai. Isliye kisi bhi bade nirnay ko kal par taal dein. Ghar me pariwar ke sadasya ki baat dhyaan se sunein aur kisi purane vivaad ko na chhedain. Office me kisi colleague se matbhed ho sakta hai isliye chup rehna hi behtar hai. Kharchon par niyantran rakhein aur kisi anjaan vyakti par bharosa na karein. Aaj ka tip: 10 minute shant baith kar saans par dhyaan dein aur bhagwan ka naam japein. Kal se din accha rahega."
SUN_CHALLENGING,LOVE,1,HINGLISH,CAUTIONARY,"Beta, aaj partner ke saath thoda rukein aur soch samajh kar baat karein. Purane jhagde ko aaj na uthayein."
SUN_CHALLENGING,LOVE,2,HINGLISH,CAUTIONARY,"Beta, aaj prem me santulan rakhein. Kisi teesre vyakti ki baat se galatfehmi ho sakti hai. Partner se shaant tone me baat karein."
SUN_CHALLENGING,CAREER,1,HINGLISH,CAUTIONARY,"Beta, office me kisi colleague se matbhed ho sakta hai. Har baat soch samajh kar kahein aur documents ready rakhein."
SUN_CHALLENGING,CAREER,2,HINGLISH,CAUTIONARY,"Beta, aaj office me thoda dhyan rakhein. Koi kaam galat ho sakta hai isliye do baar check karein. Naye kaam ke liye aaj haan na kahein."
SUN_CHALLENGING,WELLNESS,1,HINGLISH,CAUTIONARY,"Beta, aaj mann thoda ashant rah sakta hai. Dhyaan aur pranayam se mann shant karein. Raat ko jaldi sone ki koshish karein."
SUN_CHALLENGING,WELLNESS,2,HINGLISH,CAUTIONARY,"Beta, aaj mann me bechaini ho sakti hai. Kisi mitra se baat karke mann halka karein. Aaj koi bada nirnay na lein."
SUN_CHALLENGING,HEALTH,1,HINGLISH,CAUTIONARY,"Beta, aaj sehat me thoda dhyan dein. Aankhon me jalan ho sakti hai. Vyayam me jaldbazi na karein aur pani adhik piyein."
SUN_CHALLENGING,HEALTH,2,HINGLISH,CAUTIONARY,"Beta, aaj body me thakan aur dard ho sakta hai. Halka bhojan karein aur pani ka matra poora karein. Aaram ko mahatva dein."
SUN_CHALLENGING,FINANCE,1,HINGLISH,CAUTIONARY,"Beta, aaj paise ke mamle me satark rahein. Kisi bhi deal par turant haan na kahein aur udhaar dene se bachein."
SUN_CHALLENGING,FINANCE,2,HINGLISH,CAUTIONARY,"Beta, aaj aarthik mamle me thoda rukein. Jaldbazi me paisa kharch ho sakta hai. Apne kharchon ka hisaab likh kar rakhein."
MERCURY_FAVORABLE,GENERAL,1,HINGLISH,POSITIVE,"Beta, aaj Mercury aapke liye shubh hai. Din me buddhi aur samvad ka mahol rahega aur log aapki baat manenge. Kisi naye sampaak se labh hoga aur ghar me shubh samachar mil sakta hai. Kisi purane mitra se mulaqat hogi. Aaj apne vichaar likh kar rakhein aur kisi ko dil se badhai dein. Office me aapki salah maangi jayegi aur vyapar me naye grahak aayenge. Shaam ko kisi mitra se milkar mann halka hoga aur raat ko acchi kitaab padhein. Sab kuch shubh hoga."
MERCURY_FAVORABLE,GENERAL,2,HINGLISH,POSITIVE,"Beta, Mercury ki kripa se aaj aapka mann prasann rahega. Kisi purane mitra se mulaqat hogi aur ghar ka mahol accha rahega. Kala ya lekhan me ruchi badhegi aur kisi shubh kaam ki shuruaat ho sakti hai. Din aapke paksh me rahega isliye kisi acchi khabar se mann khush hoga. Naye kapde ya kitabon ki kharidari ho sakti hai. Aaj ghar ko sajane me samay bitayein aur apne shauk ke liye thoda samay nikaalein. Shaam ko thodi walk karein aur raat ko jaldi sone ki koshish karein."
MERCURY_FAVORABLE,GENERAL,3,HINGLISH,POSITIVE,"Beta, aaj Mercury ki urja se aapka din bahut accha rahega. Subah se hi mann me khushi ka sanchaar hoga aur har kaam me safalta milegi. Office me colleagues ke saath samvad accha rahega aur boss aapki prashansa karenge. Vyapar me naye grahak aayenge aur koi acchi deal ho sakti hai. Ghar me pariwar ke saath samay accha bitega. Aaj kisi ko dil se dhanyavaad dein aur apne kaam ka record likh kar rakhein. Din ke ant me aap santusht mehsoos karenge."
MERCURY_FAVORABLE,LOVE,1,HINGLISH,POSITIVE,"Beta, aaj prem ke liye bahut accha din hai. Partner ke saath samvad accha rahega. Dil ki baat kehne ka accha samay hai."
MERCURY_FAVORABLE,LOVE,2,HINGLISH,POSITIVE,"Beta, aaj rishte me mithaas aayegi. Partner aapki baat manenge. Saath me koi naya plan banayein."
MERCURY_FAVORABLE,LOVE,3,HINGLISH,POSITIVE,"Beta, aaj prem me shubh din hai. Partner aapke paas aane ki koshish karenge. Kisi purani galti ke liye maafi maang lein."
MERCURY_FAVORABLE,CAREER,1,HINGLISH,POSITIVE,"Beta, office me aaj accha din hai. Colleagues ke saath samvad accha rahega aur naye project me sahyog milega."
MERCURY_FAVORABLE,CAREER,2,HINGLISH,POSITIVE,"Beta, aaj career me shubh yog hai. Interview ya meeting me safalta milegi. Apne network ko badhayein."
MERCURY_FAVORABLE,CAREER,3,HINGLISH,POSITIVE,"Beta, aaj aapka ruka hua kaam poora hoga. Boss aapki salah maange. Team ke saath mil kar plan banayein."
MERCURY_FAVORABLE,WELLNESS,1,HINGLISH,POSITIVE,"Beta, aaj mann prasann rahega. Kisi acchi khabar se mann khush hoga. Dhyaan aur sangeet se mann shant rahega."
MERCURY_FAVORABLE,WELLNESS,2,HINGLISH,POSITIVE,"Beta, aaj mann me mithaas rahegi. Purani chinta door hogi. Kisi mitra se milkar mann accha hoga."
MERCURY_FAVORABLE,WELLNESS,3,HINGLISH,POSITIVE,"Beta, aaj mann aur tan dono accha rahega. Kisi purane rishte me mithaas aayegi. Koi acchi kitaab padhein."
MERCURY_FAVORABLE,HEALTH,1,HINGLISH,POSITIVE,"Beta, aaj sehat acchi rahegi. Subah walk karna labhdayak rahega. Khaane me meetha thoda kam karein."
MERCURY_FAVORABLE,HEALTH,2,HINGLISH,POSITIVE,"Beta, aaj sehat me sudhar rahega. Khaane me phal aur sabziyan shamil karein. Subah ki dhoop me baithna accha rahega."
MERCURY_FAVORABLE,HEALTH,3,HINGLISH,POSITIVE,"Beta, aaj body me urja bharpoor rahegi. Subah yoga karein. Ghee aur meetha santulit matra me lein."
MERCURY_FAVORABLE,FINANCE,1,HINGLISH,POSITIVE,"Beta, aaj dhan labh ke yog hain. Koi ruka hua paisa wapas aa sakta hai. Apne budget ki samiksha karein."
MERCURY_FAVORABLE,FINANCE,2,HINGLISH,POSITIVE,"Beta, aaj aarthik sthiti majboot rahegi. Purane loan ko chukane ka plan bana sakte hain. Bachat ke liye khata kholein."
MERCURY_FAVORABLE,FINANCE,3,HINGLISH,POSITIVE,"Beta, aaj paise ke mamle me shubh din hai. Koi accha avsar milega. Kisi bharosemand se salah lein."
MERCURY_CHALLENGING,GENERAL,1,HINGLISH,CAUTIONARY,"Beta, aaj thoda satark rahein kyunki Mercury ki urja ashant rahegi. Samvad me gadbad ho sakti hai isliye shaant rahein aur kisi baat ka galat matlab na nikalein. Ghar me kisi se matbhed ho sakta hai isliye chup rehna hi behtar hai. Aaj koi bada nirnay na lein. Din ki shuruaat dhyaan se karein aur safar me dhyan rakhein. Shaam ko halki walk karein aur raat ko jaldi sone ki koshish karein. Dhyaan rakhein, kal se din phir accha rahega."
MERCURY_CHALLENGING,GENERAL,2,HINGLISH,CAUTIONARY,"Beta, aaj kuch chhoti badhaayein aa sakti hain. Mercury ki urja se aap kisi ke liye galat bhawna rakh sakte hain isliye har baat soch samajh kar kahein. Kisi se vaada karne se pehle soch lein aur ghar me shaanti banaaye rakhein. Office me kisi colleague se matbhed ho sakta hai isliye chup rehna hi behtar hai. Kharchon me santulan rakhein aur kisi anjaan par bharosa na karein. Aaj koi badi kharidari na karein. Raat ko halka bhojan karein aur samay par sone ki koshish karein."
MERCURY_CHALLENGING,GENERAL,3,HINGLISH,CAUTIONARY,"Beta, aaj Mercury ki urja aapko thoda ashant kar sakti hai. Isliye kisi bhi bade nirnay ko kal par taal dein. Ghar me pariwar ke sadasya ki baat dhyaan se sunein aur kisi purane vivaad ko na chhedain. Office me apne documents ready rakhein kyunki boss kisi purane kaam par sawaal utha sakte hain. Kharchon par niyantran rakhein aur udhaar dene se bachein. Aaj ka tip: 10 minute shant baith kar saans par dhyaan dein aur bhagwan ka naam japein. Kal se din accha rahega."
MERCURY_CHALLENGING,LOVE,1,HINGLISH,CAUTIONARY,"Beta, aaj partner ke saath thoda rukein aur soch samajh kar baat karein. Purane jhagde ko aaj na uthayein."
MERCURY_CHALLENGING,LOVE,2,HINGLISH,CAUTIONARY,"Beta, aaj prem me santulan rakhein. Kisi teesre vyakti ki baat se galatfehmi ho sakti hai. Partner se shaant tone me baat karein."
MERCURY_CHALLENGING,CAREER,1,HINGLISH,CAUTIONARY,"Beta, office me kisi colleague se matbhed ho sakta hai. Har baat soch samajh kar kahein aur documents ready rakhein."
MERCURY_CHALLENGING,CAREER,2,HINGLISH,CAUTIONARY,"Beta, aaj office me thoda dhyan rakhein. Koi kaam galat ho sakta hai isliye do baar check karein. Naye kaam ke liye aaj haan na kahein."
MERCURY_CHALLENGING,WELLNESS,1,HINGLISH,CAUTIONARY,"Beta, aaj mann thoda ashant rah sakta hai. Dhyaan aur pranayam se mann shant karein. Raat ko jaldi sone ki koshish karein."
MERCURY_CHALLENGING,WELLNESS,2,HINGLISH,CAUTIONARY,"Beta, aaj mann me bechaini ho sakti hai. Kisi mitra se baat karke mann halka karein. Aaj koi bada nirnay na lein."
MERCURY_CHALLENGING,HEALTH,1,HINGLISH,CAUTIONARY,"Beta, aaj sehat me thoda dhyan dein. Gale me dard ho sakta hai. Vyayam me jaldbazi na karein aur pani adhik piyein."
MERCURY_CHALLENGING,HEALTH,2,HINGLISH,CAUTIONARY,"Beta, aaj body me thakan aur dard ho sakta hai. Halka bhojan karein aur pani ka matra poora karein. Aaram ko mahatva dein."
MERCURY_CHALLENGING,FINANCE,1,HINGLISH,CAUTIONARY,"Beta, aaj paise ke mamle me satark rahein. Kisi bhi deal par turant haan na kahein aur udhaar dene se bachein."
MERCURY_CHALLENGING,FINANCE,2,HINGLISH,CAUTIONARY,"Beta, aaj aarthik mamle me thoda rukein. Jaldbazi me paisa kharch ho sakta hai. Apne kharchon ka hisaab likh kar rakhein."
RAHU_CHALLENGING,GENERAL,1,HINGLISH,CAUTIONARY,"Beta, aaj thoda satark rahein kyunki Rahu ki urja bhram paida kar sakti hai. Kisi bhi baat par turant vishwas na karein aur ghar me kisi se matbhed ho sakta hai isliye shaant rahein. Vyapar me naye kaam ko thoda rukein aur kharchon par niyantran rakhein. Aaj koi bada nirnay na lein. Din ki shuruaat dhyaan se karein aur safar me dhyan rakhein. Shaam ko halki walk karein aur raat ko jaldi sone ki koshish karein. Dhyaan rakhein, sab theek ho jayega."
RAHU_CHALLENGING,GENERAL,2,HINGLISH,CAUTIONARY,"Beta, aaj kuch chhoti badhaayein aa sakti hain. Rahu ki urja se aap kisi ke liye galat bhawna rakh sakte hain isliye har baat soch samajh kar kahein. Kisi se vaada karne se pehle soch lein aur ghar me shaanti banaaye rakhein. Office me kisi colleague se matbhed ho sakta hai isliye chup rehna hi behtar hai. Kharchon me santulan rakhein aur kisi anjaan par bharosa na karein. Aaj koi badi kharidari na karein. Raat ko halka bhojan karein aur samay par sone ki koshish karein."
RAHU_CHALLENGING,GENERAL,3,HINGLISH,CAUTIONARY,"Beta, aaj Rahu ki urja aapko thoda ashant kar sakti hai. Isliye kisi bhi bade nirnay ko kal par taal dein. Ghar me pariwar ke sadasya ki baat dhyaan se sunein aur kisi purane vivaad ko na chhedain. Office me apne documents ready rakhein kyunki boss kisi purane kaam par sawaal utha sakte hain. Kharchon par niyantran rakhein aur udhaar dene se bachein. Aaj ka tip: 10 minute shant baith kar saans par dhyaan dein aur bhagwan ka naam japein. Kal se din accha rahega."
RAHU_CHALLENGING,LOVE,1,HINGLISH,CAUTIONARY,"Beta, aaj partner ke saath thoda rukein aur soch samajh kar baat karein. Purane jhagde ko aaj na uthayein."
RAHU_CHALLENGING,LOVE,2,HINGLISH,CAUTIONARY,"Beta, aaj prem me santulan rakhein. Kisi teesre vyakti ki baat se galatfehmi ho sakti hai. Partner se shaant tone me baat karein."
RAHU_CHALLENGING,CAREER,1,HINGLISH,CAUTIONARY,"Beta, office me kisi colleague se matbhed ho sakta hai. Har baat soch samajh kar kahein aur documents ready rakhein."
RAHU_CHALLENGING,CAREER,2,HINGLISH,CAUTIONARY,"Beta, aaj office me thoda dhyan rakhein. Koi kaam galat ho sakta hai isliye do baar check karein. Naye kaam ke liye aaj haan na kahein."
RAHU_CHALLENGING,WELLNESS,1,HINGLISH,CAUTIONARY,"Beta, aaj mann thoda ashant rah sakta hai. Dhyaan aur pranayam se mann shant karein. Raat ko jaldi sone ki koshish karein."
RAHU_CHALLENGING,WELLNESS,2,HINGLISH,CAUTIONARY,"Beta, aaj mann me bechaini ho sakti hai. Kisi mitra se baat karke mann halka karein. Aaj koi bada nirnay na lein."
RAHU_CHALLENGING,HEALTH,1,HINGLISH,CAUTIONARY,"Beta, aaj sehat me thoda dhyan dein. Pet ki gadbad ho sakti hai. Vyayam me jaldbazi na karein aur pani adhik piyein."
RAHU_CHALLENGING,HEALTH,2,HINGLISH,CAUTIONARY,"Beta, aaj body me thakan aur dard ho sakta hai. Halka bhojan karein aur pani ka matra poora karein. Aaram ko mahatva dein."
RAHU_CHALLENGING,FINANCE,1,HINGLISH,CAUTIONARY,"Beta, aaj paise ke mamle me satark rahein. Kisi bhi deal par turant haan na kahein aur udhaar dene se bachein."
RAHU_CHALLENGING,FINANCE,2,HINGLISH,CAUTIONARY,"Beta, aaj aarthik mamle me thoda rukein. Jaldbazi me paisa kharch ho sakta hai. Apne kharchon ka hisaab likh kar rakhein."
KETU_CHALLENGING,GENERAL,1,HINGLISH,CAUTIONARY,"Beta, aaj thoda satark rahein kyunki Ketu ki urja bhram paida kar sakti hai. Kisi bhi baat par turant vishwas na karein aur ghar me kisi se matbhed ho sakta hai isliye shaant rahein. Vyapar me naye kaam ko thoda rukein aur kharchon par niyantran rakhein. Aaj koi bada nirnay na lein. Din ki shuruaat dhyaan se karein aur safar me dhyan rakhein. Shaam ko halki walk karein aur raat ko jaldi sone ki koshish karein. Dhyaan rakhein, sab theek ho jayega."
KETU_CHALLENGING,GENERAL,2,HINGLISH,CAUTIONARY,"Beta, aaj kuch chhoti badhaayein aa sakti hain. Ketu ki urja se aap kisi ke liye galat bhawna rakh sakte hain isliye har baat soch samajh kar kahein. Kisi se vaada karne se pehle soch lein aur ghar me shaanti banaaye rakhein. Office me kisi colleague se matbhed ho sakta hai isliye chup rehna hi behtar hai. Kharchon me santulan rakhein aur kisi anjaan par bharosa na karein. Aaj koi badi kharidari na karein. Raat ko halka bhojan karein aur samay par sone ki koshish karein."
KETU_CHALLENGING,GENERAL,3,HINGLISH,CAUTIONARY,"Beta, aaj Ketu ki urja aapko thoda ashant kar sakti hai. Isliye kisi bhi bade nirnay ko kal par taal dein. Ghar me pariwar ke sadasya ki baat dhyaan se sunein aur kisi purane vivaad ko na chhedain. Office me apne documents ready rakhein kyunki boss kisi purane kaam par sawaal utha sakte hain. Kharchon par niyantran rakhein aur udhaar dene se bachein. Aaj ka tip: 10 minute shant baith kar saans par dhyaan dein aur bhagwan ka naam japein. Kal se din accha rahega."
KETU_CHALLENGING,LOVE,1,HINGLISH,CAUTIONARY,"Beta, aaj partner ke saath thoda rukein aur soch samajh kar baat karein. Purane jhagde ko aaj na uthayein."
KETU_CHALLENGING,LOVE,2,HINGLISH,CAUTIONARY,"Beta, aaj prem me santulan rakhein. Kisi teesre vyakti ki baat se galatfehmi ho sakti hai. Partner se shaant tone me baat karein."
KETU_CHALLENGING,CAREER,1,HINGLISH,CAUTIONARY,"Beta, office me kisi colleague se matbhed ho sakta hai. Har baat soch samajh kar kahein aur documents ready rakhein."
KETU_CHALLENGING,CAREER,2,HINGLISH,CAUTIONARY,"Beta, aaj office me thoda dhyan rakhein. Koi kaam galat ho sakta hai isliye do baar check karein. Naye kaam ke liye aaj haan na kahein."
KETU_CHALLENGING,WELLNESS,1,HINGLISH,CAUTIONARY,"Beta, aaj mann thoda ashant rah sakta hai. Dhyaan aur pranayam se mann shant karein. Raat ko jaldi sone ki koshish karein."
KETU_CHALLENGING,WELLNESS,2,HINGLISH,CAUTIONARY,"Beta, aaj mann me bechaini ho sakti hai. Kisi mitra se baat karke mann halka karein. Aaj koi bada nirnay na lein."
KETU_CHALLENGING,HEALTH,1,HINGLISH,CAUTIONARY,"Beta, aaj sehat me thoda dhyan dein. Pet ki gadbad ho sakti hai. Vyayam me jaldbazi na karein aur pani adhik piyein."
KETU_CHALLENGING,HEALTH,2,HINGLISH,CAUTIONARY,"Beta, aaj body me thakan aur dard ho sakta hai. Halka bhojan karein aur pani ka matra poora karein. Aaram ko mahatva dein."
KETU_CHALLENGING,FINANCE,1,HINGLISH,CAUTIONARY,"Beta, aaj paise ke mamle me satark rahein. Kisi bhi deal par turant haan na kahein aur udhaar dene se bachein."
KETU_CHALLENGING,FINANCE,2,HINGLISH,CAUTIONARY,"Beta, aaj aarthik mamle me thoda rukein. Jaldbazi me paisa kharch ho sakta hai. Apne kharchon ka hisaab likh kar rakhein."